Book_name,Author_name,price,rated_bys,reviews,customer_review_summaries,book_summaries
RISE: Essential Soft-Skills for Career Management,Rajeev Nanda,349,46 ratings,4.4,"Customers find the book fantastically written for learners, making it easy to understand and apply. They also describe the cover as bright and attractive. Readers appreciate the title as catchy and interesting. They say the book provides guidance on important life skills, organizational atmosphere, career growth techniques, and critical topics such as effective communication, time management, and goal setting.","When your peers and competitors are as qualified and as competent as you are, then how do you create a differentiator for yourself in the workplace? This book is a primer on the most essential soft-skills that you can, or rather should, learn to help you in your career progression and professional growth. As more and more of the jobs gets standardized, automated or disrupted with onslaught of technologies, these skills will give you a consistent and constant advantage amongst your peers. The added benefit is that this competitive advantage continues to grow as you put them in daily practice and master the skills over time. Although the book is targeted toward working professionals; every reader – student, individual, business owner – will also benefit from it."
Don't Believe Everything You Think (English),Joseph Nguyen,205,"7,114 ratings",4.5,"Customers say the book helps them understand their own thoughts and feelings. They also find the explanations well-done and simple. Readers also mention the book is an amazing change for overthinkers or anxiety patients. Opinions are mixed on the writing style, with some finding it peaceful and calm, while others find it repetitive.","Discover how to conquer anxiety, self-doubt, and self-sabotage without depending on motivation or willpower. 'Don't Believe Everything You Think' uncovers the core of psychological suffering and offers insights to effortlessly shape the life you crave. Learn to detach from negativity, embrace love and joy, escape negative thought cycles, and tap into inner wisdom. The message is clear: anyone can attain peace, love, and fulfillment, irrespective of their history. It's not about rewiring your brain, but expanding your consciousness for lasting transformation. Within this book, delve into the core of emotional suffering and receive insights on effortlessly curating the life you aspire to."
Days at the Morisaki Bookshop : A charming and uplifting Japanese translated story on the healing power of books,Satoshi Yagisawa,295,"4,374 ratings",4.4,Customers find the book lovely and easy to follow. They also appreciate the unique dialogues and the simple narrative. Readers describe the book as a heartwarming read with amazing quality.,"The Japanese bestseller: a tale of love, new beginnings, and the comfort that can be found between the pages of a good book."
The Art of Laziness: Overcome Procrastination and Boost Your Productivity,Library Mindset,180,"1,878 ratings",4.5,"Customers find the book nice, informative, and easy to read and implement. They also appreciate the short, sweet length and impactful quotes.","Do you constantly feel unmotivated to work on your dreams?

If the answer is yes, then this book is for you. Laziness stops us from enjoying the little time we have. It doesn't help you accomplish your goals. It stops you from starting anything new. It makes your life miserable.

This book will teach you:

How to overcome laziness
How to stop procrastination
How to improve your productivity"
World’s Greatest Books For Personal Growth & Wealth (Set of 4 Books) : Perfect Motivational Gift Set,Dale Carnegie,349,"26,756 ratings",4.5,"Customers find the books amazing and beautiful. They also say they're great for self-development and handy to use. Readers describe the composition as great. However, some customers report yellowish pages and disagree on the writing style, with some finding it nice to read and clean, while others find too many spelling mistakes.","A collection of world's timeless classics, this box set includes the four greatest bestsellers, which have inspired readers for generations. Packed with wisdom and time-tested principles that are as relevant in modern times as ever before, these inspirational books are a must-read for all those aspiring for personal growth and wealth."
Start Living Again,Saranya Umakanthan,179,133 ratings,4.3,"Customers find the content inspirational, provocative, and reasonably drawn. They also describe the reading experience as amazing and beautifully written. Readers find the romance moving and remind them of the power of hope and the resilience of the human spirit.",Start Living Again
The Psychology of Money,Morgan Housel,275,"65,402 ratings",4.6,"Customers find the book teaches them about money as a concept with anecdotes. They also describe the book as simple yet profound, with handpicked quotes. Opinions are mixed on the printing quality, with some finding it good and others saying it's poor quality papers and has multiple misprints. Readers also have mixed feelings about the content, with others finding it refreshing, insightful, and precise, while others find it boring and has food stains.","Timeless lessons on wealth, greed, and happiness doing well with money isn?t necessarily about what you know. It?s about how you behave. And behavior is hard to teach, even to really smart people. How to manage money, invest it, and make business decisions are typically considered to involve a lot of mathematical calculations, where data and formulae tell us exactly what to do. But in the real world, people don?t make financial decisions on a spreadsheet. They make them at the dinner table, or in a meeting room, where personal history, your unique view of the world, ego, pride, marketing, and odd incentives are scrambled together. In the psychology of money, the author shares 19 short stories exploring the strange ways people think about money and teaches you how to make better sense of one of life?s most important matters."
As a Man Thinketh,James Allen,99,"12,830 ratings",4.4,"Customers find the book dives into the realm of constructive thoughts and explores their impact on character, health, and self-control. They also appreciate the 90 pages of pure simple prose that can get the adrenaline pumping in no time. Readers describe the writing style as really nice. Opinions are mixed on readability, with some finding it concise and simple to follow at surface level, while others find it not very interesting, complex, and preachy.","Discover the timeless wisdom of James Allen's ""As a Man Thinketh."" This powerful book explores the connection between thoughts and personal achievement, inspiring readers to harness the power of their minds for positive transformation and success."
The Power of Your Subconscious Mind,Joseph Murphy,149,"70,082 ratings",4.5,"Customers find the book life-changing and practical, teaching how the subconscious mind is always active and controlling all vital forces. They also say it's narrated in an easy language and presents various examples and analogies to explain the concept.","This remarkable book by Dr. Joseph Murphy, one of the pioneering voices of affirmative thinking, will unlock for you the truly staggering powers of your subconscious mind. Combining time-honored spiritual wisdom with cutting edge scientific research, Dr. Murphy explains how the subconscious mind influences every single thing that you do and how, by understanding it and learning to control its incredible force, you can improve the quality of your daily life.Everything, from the promotion that you wanted and the raise you think you deserve, to overcoming phobias and bad habits and strengthening interpersonal relationships, the Power of Your Subconscious Mind will open a world of happiness, success, prosperity and peace for you. It will change your life and your world by changing your beliefs."
The Mountain Is You: Transforming Self-Sabotage Into Self-Mastery,Brianna Wiest,289,"19,075 ratings",4.3,"Customers find the book beautifully written and easy to understand. They also appreciate the insights and guidance that resonate and inspire. However, some readers report issues with the print and lack of a bookmark.","This is a book about self-sabotage. Why we do it, when we do it, and how to stop doing it—for good. Coexisting but conflicting needs create self-sabotaging behaviors. This is why we resist efforts to change, often until they feel completely futile. But by extracting crucial insight from our most damaging habits, building emotional intelligence by better understanding our brains and bodies, releasing past experiences at a cellular level, and learning to act as our highest potential future selves, we can step out of our own way and into our potential. For centuries, the mountain has been used as a metaphor for the big challenges we face, especially ones that seem impossible to overcome. To scale our mountains, we actually have to do the deep internal work of excavating trauma, building resilience, and adjusting how we show up for the climb. In the end, it is not the mountain we master, but ourselves."
Things No One Taught Us About Love: How to Build Healthy Relationships with Yourself and Others,Vex King,305,304 ratings,4.7,Customers find the book enjoyable and insightful.,"THE SUNDAY TIMES BESTSELLER

Things No One Taught Us About Love"
Mahagatha: 100 Tales from the Puranas,Satyarth Nayak,387,764 ratings,4.7,"Customers find the book enlightening, with simple yet captivating writing. They also appreciate the vibrant imagery and comprehensive content. Readers describe the reading experience as fantastic and a great gift. They find the emotional content evocative and unique, adding a unique perspective to the stories.",Do you know the story where Brahma and Vishnu race against each other or where Shiva battles Krishna? Where Indra attempts foeticide ? Do you know about Maya Sita or Narada's monkey face? Or why Surya falls from the sky or why Chandra commits adultery?
The Psychology of Money,Morgan Housel,275,"65,402 ratings",4.6,"Customers find the book teaches them about money as a concept with anecdotes. They also describe the book as simple yet profound, with handpicked quotes. Opinions are mixed on the printing quality, with some finding it good and others saying it's poor quality papers and has multiple misprints. Readers also have mixed feelings about the content, with others finding it refreshing, insightful, and precise, while others find it boring and has food stains.","Timeless lessons on wealth, greed, and happiness doing well with money isn?t necessarily about what you know. It?s about how you behave. And behavior is hard to teach, even to really smart people. How to manage money, invest it, and make business decisions are typically considered to involve a lot of mathematical calculations, where data and formulae tell us exactly what to do. But in the real world, people don?t make financial decisions on a spreadsheet. They make them at the dinner table, or in a meeting room, where personal history, your unique view of the world, ego, pride, marketing, and odd incentives are scrambled together. In the psychology of money, the author shares 19 short stories exploring the strange ways people think about money and teaches you how to make better sense of one of life?s most important matters."
Success Through A Positive Mental Attitude,Napoleon Hill,139,"3,920 ratings",4.5,"Customers find the content inspirational, with examples and a step-by-step method. They also say the book is the absolute best for beginners, with lots of energy. Opinions differ on readability, with some finding it easy to read and grasp, while others find spelling mistakes.","?What the mind of man can conceive and believe?the mind of man can achieve . . . ?By helping you recognize the important person that you are and making you believe that you can change your world, this book helps you discover and unleash the power of your mental attitude. It guides you through the secret of getting things done, motivating yourself, motivating others, finding satisfaction in your job, raising your energy level, enjoying a good and healthy life and attracting happiness. A timeless self-improvement classic, Success Through a Positive Mental Attitude has helped millions of people discover their hidden powers and achieve success. It continues to lead its readers towards their maximum potential."
"Why I am an Atheist and Other Works | Letters & Jail Diary of Bhagat Singh on Revolution, Religion & Politics",Bhagat Singh,138,"6,934 ratings",4.6,"Customers say the book contains great thoughts and precious letters of Singh to his parents and friends. Opinions are mixed on the printing quality and writing quality, with some finding it good and easy to understand, while others find it poor and challenging to comprehend.","Bhagat Singh is a name that became synonymous with revolution in India’s struggle for independence. This young boy brought about a change in the way people thought about freedom. He was well read and fought extensively for rights – his own, his comrades’ and his countrymen’s. A discussion with a friend soon turned into a matter of self-assessment for Bhagat Singh, leading to a discourse on why he chose to be an atheist. Even in the face of death at a very young age, his uncanny observation leads to his putting forth some pertinent questions. On another occasion, he was disappointed with his father’s plea in Court for his innocence and chose to write a letter to him. This book is a collection of eighteen of his valued writings from within the walls of prison and outside it, which show us the resolve in his words, and the bravery in his acts subsequently."
World’s Greatest Books For Personal Growth & Wealth (Set of 4 Books) : Perfect Motivational Gift Set,Dale Carnegie,349,"26,756 ratings",4.5,"Customers find the books amazing and beautiful. They also say they're great for self-development and handy to use. Readers describe the composition as great. However, some customers report yellowish pages and disagree on the writing style, with some finding it nice to read and clean, while others find too many spelling mistakes.","A collection of world's timeless classics, this box set includes the four greatest bestsellers, which have inspired readers for generations. Packed with wisdom and time-tested principles that are as relevant in modern times as ever before, these inspirational books are a must-read for all those aspiring for personal growth and wealth."
11 Rules For Life: Secrets to Level Up,Chetan Bhagat,,"1,148 ratings",4.6,"Customers find the book written in simple words and easy to understand. They also appreciate the engaging narrative and practical, easy-to-follow rules. Readers say the book is worth reading, learning, and gifting.","If one book can change your life, this is it."
The Theory Of Everything,Stephen Hawking,175,"15,120 ratings",4.5,"Customers find the content interesting, informative, and intuitively bundled into 7 lectures. They also appreciate the simple, easily understood language and collection. Readers describe the book as providing a brief history about the various theory and past researches. Opinions differ on the writing style, with some finding it witty and accessible, while others say it's boring.","Seven lectures by the brilliant theoretical physicist have been compiled into this book to try to explain to the common man, the complex problems of mathematics and the question that has been gripped everyone all for centuries, the theory of existence. Undeniably intelligent, witty and childlike in his explanations, the narrator describes every detail about the beginning of the universe. He describes what a theory that can state the initiation of everything would encompass. Ideologies about the universe by Aristotle, Augustine, Hubble, Newton and Einstein have all been briefly introduced to the reader. Black holes and Big Bang has been explained in an unsophisticated manner for anyone to understand. All these events and individual theories may be strung together to create a theory of the origin of everything and the author strongly believes that the origin might not necessarily be from a singular event. He advocates the idea of a multi-dimensional origin with a no-boundary condition to remain true to the theories of modern physics and quantum physics. The book provides a clear view of the world through Stephen’s mind where he respectfully dismisses the belief that the Universe conforms by a supernatural and all-powerful entity. About the Author Stephen Hawking: An English cosmologist, theoretical physicist, author as well as the Director of Research at the Centre for Theoretical Cosmology under the University of Cambridge, Stephen Hawking is a scholar with more than a dozen of honorary degrees. In was in 1963 that Stephen Hawking contracted a rare motor neuron disorder which gave him just two years to live, yet he went to Cambridge to become what he is today."
The Satvic Revolution: 7 Life-Changing Habits to Discover Peak Health and Joy,Subah Saraf,305,254 ratings,4.8,"Customers find the book amazing for self-improvement, with relatable examples, engaging storytelling, and actionable tips to guide them. They also say it's the best book with easy to understand language that transforms their health. Readers also mention the book is enjoyable, touching, and relatable.","If you are looking for a practical guide to help you achieve peak health, increased energy in your day, optimal weight and a calm mindset even amidst chaos, then"
Win Your Inner Battles,Darius Foroux,154,"3,169 ratings",4.5,"Customers find the writing style easy to read and crisp. They also describe the content as riveting, accurate, and helpful for understanding yourself. Readers also say the message is realistic and exciting, with clean, straight-forward ideas.","Do you want to change your career? Start a business? Stop losing sleep over a deadline? End your relationship? Or maybe, just live a fulfilling life? Everyone has goals and ambitions in life. But we often don't pursue our inner desires because of one thing: Fear and a lack of self-confidence.

In Win Your Inner Battles, I will show you how to destroy fear and live your life with a sense of purpose.

You'll learn how to:
Conquer fearImprove self-confidenceStop worryingAnd live life on YOUR termsI wrote this book based on my own experiences. No matter how bad your situation is, there is always a way out."
The Girl Who Drank the Moon,Kelly Barnhill,221,"26,905 ratings",4.5,"Customers find the plot fantastic, filled with magic, adventure, and thrill. They also praise the characters as fabulous and the author as gifted. Opinions are mixed on the pacing, with some finding it worth reading and others saying it's slow.","THE NO 1 NEW YORK TIMES BESTSELLER AND NEWBERY MEDAL WINNER 'This beautifully written, darkly funny coming-of-age story will enchant and entertain' Daily Mail Every year, the people of the Protectorate leave a baby as an offering to the witch who lives in the forest. They hope this sacrifice will keep her from terrorizing their town. But the witch in the Forest, Xan, is in fact a good witch who shares her home with a wise Swamp Monster and a Perfectly Tiny Dragon. Xan rescues the children and delivers them to welcoming families on the other side of the forest, nourishing the babies with starlight on the journey. One year, Xan accidentally feeds a baby moonlight instead of starlight, filling the ordinary child with extraordinary magic. Xan decides she must raise this girl, whom she calls Luna, as her own. As Luna's thirteenth birthday approaches, her magic begins to emerge - with dangerous consequences. Meanwhile, a young man from the Protectorate is determined to free his people by killing the witch. Deadly birds with uncertain intentions flock nearby. A volcano, quiet for centuries, rumbles just beneath the earth's surface. And the woman with the Tiger's heart is on the prowl . . . The Newbery Medal winner from the author of the highly acclaimed novel The Witch's Boy."
How to Win Friends and Influence People : Original Edition | Premium Paperback,Dale Carnegie,135,"84,376 ratings",4.5,"Customers find the principles simple but very effective. They also say the book provides practical advice on how to influence people and provides beautiful real-life examples. Readers describe the book as helpful for enhancing communication and avoiding arguments. They say the writing and font size is good. However, some customers find many pages missing in the book. Opinions are mixed on the story/plot, with some finding it soothing to read and others finding it boring. Customers disagree on the originality, with others saying it's accurate and original. They disagree on timelessness, with one saying it’s timeless while others say it’ll be outdated.","""Do you feel stuck in life, not knowing how to make it more successful? Do you wish to become more popular? Are you craving to earn more? Do you wish to expand your horizon, earn new clients and win people over with your ideas? How to Win Friends and Influence People is a well-researched and comprehensive guide that will help you through these everyday problems and make success look easier. You can learn to expand your social circle, polish your skill set, find ways to put forward your thoughts more clearly, and build mental strength to counter all hurdles that you may come across on the path to success. Having helped millions of readers from the world over achieve their goals, the clearly listed techniques and principles will be the answers to all your questions. """
The Psychology of Money,Morgan Housel,275,"65,402 ratings",4.6,"Customers find the book teaches them about money as a concept with anecdotes. They also describe the book as simple yet profound, with handpicked quotes. Opinions are mixed on the printing quality, with some finding it good and others saying it's poor quality papers and has multiple misprints. Readers also have mixed feelings about the content, with others finding it refreshing, insightful, and precise, while others find it boring and has food stains.","Timeless lessons on wealth, greed, and happiness doing well with money isn?t necessarily about what you know. It?s about how you behave. And behavior is hard to teach, even to really smart people. How to manage money, invest it, and make business decisions are typically considered to involve a lot of mathematical calculations, where data and formulae tell us exactly what to do. But in the real world, people don?t make financial decisions on a spreadsheet. They make them at the dinner table, or in a meeting room, where personal history, your unique view of the world, ego, pride, marketing, and odd incentives are scrambled together. In the psychology of money, the author shares 19 short stories exploring the strange ways people think about money and teaches you how to make better sense of one of life?s most important matters."
The Wealth Money Can't Buy: The 8 Hidden Habits to Live Your Richest Life,Robin Sharma,299,796 ratings,4.6,"Customers find the book interesting and enlightening, with clear and engaging content. They describe the reading experience as fantastic, accessible to all readers, and increase positivity, productivity, and prosperity. Readers also appreciate the engaging storytelling and short chapters. They also mention the relationships are interconnected and well narrated.",""""
The Monk Who Sold His Ferrari,Robin Sharma,198,"34,075 ratings",4.5,"Customers find the content in the book to be a life changer, good for professionals who work in stressful environments, and kindling your inner fire. They also appreciate the writing style as nice and good techniques on mastering your mind and thought processes. However, some find the entertainment value boring and not worth buying.","A renowned inspirational fiction, The Monk Who Sold His Ferrari is a revealing story that offers the readers a simple yet profound way to live life. The plot of this story revolves around Julian Mantle, a lawyer who has made his fortune and name in the profession. A sudden heart-attack creates havoc in the successful lawyer?s life. Jolted by the sudden onset of the illness, his practice comes to a standstill. He ponders over material success being worth it all, renounces all of it and leaves for India. A visit to India about a spiritual awakening that opens up new vistas and Julian begins to view life in a different perspective. He decides to live his life once again but in a way that is much more fulfilling and meaningful than before. In the book, the reader goes through a spiritual journey and into a very old culture that has gathered much wisdom over the millennia. The book advocates about how to live happily, think deep and rightly, value time and relationships, be more disciplined, follow the heart?s call and live every moment of the life. Written in simple words, the book has turned out to be a bestseller and is more than just an endearing story. Through storytelling, Robin Sharma showcases the miracles and wonders of living a fulfilling life. In the process, the book introduces readers to enlightening yet simple principles that vouch to make life better, happier and more meaningful. A bestselling novel, what readers all over the globe appreciate about this book is its deft amalgam of the philosophies from both western and eastern worlds. The book has been followed by important personalities around the world. About the Author Robin Sharma, the bestselling author of 'The Monk Who Sold His Ferrari', first published in 1999, is an International Leadership Professional Guru who is credited with having written 15 books on leadership. He has been guiding people to live a better life, by drawing inspiration from his own life experiences. The Leader Who Had No Title, The Leader Who Had No Title, The Greatness Guide and The Saint and The Saint are among his best books. He heads the Sharma Leadership International Inc, a firm that trains people in leadership. A former litigation lawyer, Robin holds a law degree from Dalhousie Law School, Canada. This book along with The Greatness Guide has been among the world?s bestsellers and has been translated in as many as 70 languages all over the world."
Chanakya Neeti,Radhakrishnan Pillai,248,"2,019 ratings",4.5,"Customers find the book's content amazing, with nice representation of Chanakya's thought with examples. They also describe the lessons as great, knowledgeable, and applicable. Opinions are mixed on the writing quality, with some finding it simple and enjoyable, while others say it has translation mistakes and lacks thorough understanding of the topic.","Strategies for Success“An action contemplated shouldn’t ever be advertised; But kept a secret like a mantra, and revealed in time.”We all feel stuck at times. There could be many reasons for this—issues at work, unhappy family life, financial troubles or embarrassing social situations. Most of us could use a little advice in these circumstances. Chanakya Neeti provides precisely that guidance to face life’s many daunting challenges. Chanakya, the great thinker and teacher, is well-known for his insights into the needs of both the privileged and the masses. The original Chanakya Neeti was written over two thousand years ago, but its brilliant verses are still applicable today because the basic quests of man remain the same—peace, prosperity and happiness. In this volume, Radhakrishnan Pillai offers a modern interpretation of Chanakya’s crisp and practical maxims in his characteristic easy-to-follow and elegant prose. Imbibe Chanakya’s wisdom to break loose from the web of troubles and create the life you desire on your terms.Radhakrishnan Pillai is the bestselling author of Corporate Chanakya, Chanakya’s 7 Secrets of Leadership, Chanakya in You, Katha Chanakya and Thus Spoke Chanakya. He has a Master’s degree in Sanskrit and has done his PhD in Kautilya’s Arthashastra. A renowned management consultant and speaker, he is the Deputy Director of the Chanakya International Institute of Leadership Studies (CIILS) at the University of Mumbai. He tweets using the handle @rchanakyapillai and is also active on other major social media platforms."
How to Stop Worrying and Start Living by Dale Carnegie,Dale Carnegie,219,8 ratings,4.5,No reviews,"A transformative guide to conquering the grip of anxiety and embracing a life filled with positivity. Through insightful anecdotes and practical advice, Carnegie offers strategies to overcome worry and stress, enabling readers to lead more fulfilling lives. This timeless classic empowers individuals to take control of their thoughts and emotions, teaching them to navigate challenges with resilience and a newfound sense of calm. By imparting invaluable wisdom, this book equips readers with tools to break free from worry's chains and embark on a journey towards greater well-being and serenity."
Success Through A Positive Mental Attitude,Napoleon Hill,139,"3,920 ratings",4.5,"Customers find the content inspirational, with examples and a step-by-step method. They also say the book is the absolute best for beginners, with lots of energy. Opinions differ on readability, with some finding it easy to read and grasp, while others find spelling mistakes.","?What the mind of man can conceive and believe?the mind of man can achieve . . . ?By helping you recognize the important person that you are and making you believe that you can change your world, this book helps you discover and unleash the power of your mental attitude. It guides you through the secret of getting things done, motivating yourself, motivating others, finding satisfaction in your job, raising your energy level, enjoying a good and healthy life and attracting happiness. A timeless self-improvement classic, Success Through a Positive Mental Attitude has helped millions of people discover their hidden powers and achieve success. It continues to lead its readers towards their maximum potential."
"How to Stop Worrying and Start Living [Original Edition (Complete), Premium Paperback]",Dale Carnegie,118,"1,515 ratings",4.5,"Customers find the book very readable and in good condition. They also appreciate the helpful tips and insightful advice. Opinions are mixed on the text clarity, with some finding it simple and easy to follow and implement, while others find missing text in between paragraphs and faint printing on some pages.","In How to Stop Worrying and Start Living, bestselling author Dale Carnegie helps you break the destructive habit of worrying and teaches you how to live a happier, stress-free life. This book will tell you how to: ? Analyze and solve worrisome situations ? Develop a positive mental attitude ? Overcome depression ? Banish boredom ? Battle fatigue and feel more energized With practical advice, helpful suggestions and important facts about worry and its causes, this book provides sure-shot ways to banish all your blues."
"THE SILENT PATIENT [Paperback] Michaelides, Alex",Alex Michaelides,255,"317,909 ratings",4.5,"Customers find the plot interesting, gripping, and unexpected. They also appreciate the in-depth writing style and entertainment value. Readers describe the book as enthralling and well-knit. Opinions differ on the pacing, with some finding it loveable and unputdownable, while others say it's slow.","WITH OVER THREE MILLION COPIES SOLD, read the Sunday Times and No.1 New York Times bestselling, record-breaking thriller that everyone is talking about - soon to be a major film.
'The perfect thriller' AJ FINN
'Terrific' - THE TIMES Crime Book of the Month
'Smart, sophisticated suspense' - LEE CHILD
'Compelling' - OBSERVER
'Absolutely brilliant' - STEPHEN FRY
'A totally original psychological mystery' - DAVID BALDACCI
'One of the best thrillers I've read this year' - CARA HUNTER
'The pace and finesse of a master' - BBC CULTURE
Alicia Berenson lived a seemingly perfect life until one day six years ago.When she shot her husband in the head five times.
Since then she hasn't spoken a single word.It's time to find out why.
THE SILENT PATIENT is the gripping must-read thriller of the year - perfect for fans of THE FAMILY UPSTAIRS by Lisa Jewell, BLOOD ORANGE by Harriet Tyce and PLAYING NICE by JP Delaney."
Jaico Publishing House The 5 Am Club,Robin Sharma,240,"33,253 ratings",4.5,"Customers find the teachings in the book awesome and easy to implement in their life. However, opinions are mixed on the writing, with some finding it lucid and engaging, while others say it's bizarre and not really clear.","Part manifesto for mastery, part playbook for genius-grade productivity and part companion for a life lived beautifully, the 5 am club is a work that will transform your life. Forever.Legendary leadership and elite performance expert Robin Sharma introduced The 5 AM Club concept over twenty years ago, based on a revolutionary morning routine that has helped his clients maximize their productivity, activate their best health and bulletproof their serenity in this age of overwhelming complexity.Now, in this life-changing book, handcrafted by the author over a rigorous four year period, you will discover the early-rising habit that has helped so many accomplish epic results while upgrading their happiness, helpfulness and feelings of aliveness.Through an enchanting?and often amusing?story about two struggling strangers who meet an eccentric tycoon who becomes their secret mentor, The 5 AM Club will walk you through:? How great geniuses, business titans and the world?s wisest people start their mornings to produce astonishing achievements? A little-known formula you can use instantly to wake up early feeling inspired, focused and flooded with a fiery drive to get the most out of each day ? A step-by-step method to protect the quietest hours of daybreak so you have time for exercise, self-renewal and personal growth? A neuroscience-based practice proven to help make it easy to rise while most people are sleeping, giving you precious time for yourself to think, express your creativity and begin the day peacefully instead of being rushed? ?Insider-only? tactics to defend your gifts, talents and dreams against digital distraction and trivial diversions so you enjoy fortune, influence and a magnificent impact on the world"
As a Man Thinketh,James Allen,99,"12,830 ratings",4.4,"Customers find the book dives into the realm of constructive thoughts and explores their impact on character, health, and self-control. They also appreciate the 90 pages of pure simple prose that can get the adrenaline pumping in no time. Readers describe the writing style as really nice. Opinions are mixed on readability, with some finding it concise and simple to follow at surface level, while others find it not very interesting, complex, and preachy.","Discover the timeless wisdom of James Allen's ""As a Man Thinketh."" This powerful book explores the connection between thoughts and personal achievement, inspiring readers to harness the power of their minds for positive transformation and success."
How to Develop Self-Confidence & Influence People By Public Speaking,Dale Carnegie,129,"5,246 ratings",4.4,No reviews,"If public speaking frightens you and you?re gripped by anxiety when asked to stand up and speak, then this book is right for you! It holds the key to fight away your fears.?Is there the faintest shadow of a reason why you should not be able to think as well in a perpendicular position before an audience as you can when sitting down? Surely you know there is not.?From ways to develop self-confidence and become a good public speaker to the secrets of memory power and good delivery, natural laws of remembering and the essential elements in successful speaking, this book discusses the ways of opening and closing a talk and keeping the audience interested.With timeless techniques that will help you overcome your fear and valuable insights on how famous speakers prepared their address, Dale Carnegie?s How to Develop Self-Confidence and Influence People by Public Speaking continues to help people speak confidently, effectively and efficiently."
Beyond Good And Evil,Friedrich Nietzsche,149,"5,040 ratings",4.4,"Customers find the book nice and original work of Nietzsche. They also appreciate the writing style and deep insights. However, some find the language hard to understand and complicated.","Explore Friedrich Nietzsche's philosophical masterpiece, Beyond Good and Evil, with this thought-provoking edition. Delve into Nietzsche's examination of morality, power, and the human condition, offering profound insights and challenging conventional beliefs. A must-read for philosophy enthusiasts and seekers of intellectual stimulation."
How to Win Friends and Influence People: Original Classic Edition | Premium Paperback,Dale Carnegie,129,"84,379 ratings",4.5,"Customers find the principles simple but very effective. They also say the book provides practical advice on how to influence people and provides beautiful real-life examples. Readers describe the book as helpful for enhancing communication and avoiding arguments. They say the writing and font size is good. However, some customers find many pages missing in the book. Opinions are mixed on the story/plot, with some finding it soothing to read and others finding it boring. Customers disagree on the originality, with others saying it's accurate and original. They disagree on timelessness, with one saying it’s timeless while others say it’ll be outdated.","If you have an intense desire and a keen determination to increase your ability to deal with people, this is the book for you. “You can make more friends in two months by becoming interested in other people than you can in two years by trying to get other people interested in you.” from the fundamental techniques in handling people to the various ways to make them like you, This book offers insights on how to Win people to your way of thinking; how to increase your ability to get things done; the ways to be a leader and change people without arousing resentment; and how to make friends quickly. A timeless bestseller, Dale Carnegie’s how to Win Friends & influence People has been an inspiration for many of those who are now famous and successful. With principles that stand as relevant in modern times as ever before, it continues to help people on their way to success."
"Do It Today: Overcome procrastination, improve productivity and achieve more meaningful things [Paperback] Foroux, Darius",Darius Foroux,,"9,594 ratings",4.4,"Customers find the book's content inspirational, relevant, and easy to apply. They also describe the writing quality as nice, concise, and defined. Readers also mention that the book is realistic, practical, and theory-free.","The International Bestseller: DO IT TODAY

Are you also tired of putting off your dreams until ""tomorrow?"" Guess what! Tomorrow never comes. Am I right?
I've procrastinated and putt off my desire to write a book for a decade. I always came up with excuses like, ""it's not the right time."" Or, ""I need to do more research.""
But in 2015 I got tired of this endless procrastination, and finally took action. Six months later, my first book was published.
Look, we all have limited time on our hands. And we're getting closer to death every single minute. That shouldn't scare. That should motivate you!
Time is limited, that's why we must do the things we want: Today."
"Deep Work: Rules for Focused Success in a Distracted World [Paperback] Newport, Cal",Cal Newport,231,"28,910 ratings",4.5,"Customers say the book puts emphasis on the importance of working deeply and creating new value. They also find the book great, well-structured, and authentic. However, some feel the book is not engaging and the main idea is repeated a million times.","Cal Newport discusses in his new book, Deep Work: Rules For Focused Success In A Distracted World, about how professionals of today have started valuing quantity over quality; and how this has turned young professionals of today into puppets who try to indulge in extensive multitasking, dealing with multiple emails and projects. This prevents them from doing 'deep work'; which is focused work free from all other distractions. This also means that the professionals of today should sort out their priorities."
The Housemaid : An addictive psychological thriller with mind-bending twists,Freida McFadden,350,"339,205 ratings",4.4,"Customers find the plot captivating, creepy, and gripping. They also describe the writing as exciting, simple, and unputdownable. Readers also mention the pacing as fast and hard to put down.","""Welcome to the family,"" Nina Winchester says as I shake her elegant, manicured hand. I smile politely, gazing around the marble hallway."
The Compound Effect,Darren Hardy,256,"18,453 ratings",4.6,"Customers find the writing style easy to understand and powerful. They also say the book is practical, real, and thought-provoking. However, some customers feel the content is a waste of time.","In The Compound Effect, Darren Hardy, reveals the core principles that drive success. and presents a distillation of the fundamental principles that have guided the most phenomenal successes in business, relationships, and beyond. This is an easy-to-use, step-by-step, no gimmicks, no hyperbole, no magic bullet operating system that allows you to multiply your success, chart your progress, and achieve anything you desire. It is based on the principle that decisions shape your destiny and how little, everyday decisions will, by default, either take you to the life you desire or to disaster. If you're serious about living an extraordinary life, use the power of The Compound Effect to create the success you want. This book will teach you: . How to win?every time. Eradicating your bad habits, some of which even you might be unaware of. how to get yourself to do things you don?t feel like doing. Capturing the elusive, awesome force of momentum. The acceleration secrets of super achievers etc., among other things."
Dopamine Detox : A Short Guide to Remove Distractions and Get Your Brain to Do Hard Things,Thibaut Meurisse,205,"9,745 ratings",4.4,Customers find the book easy to understand and realistic. They also appreciate the short length and small print. Readers describe the content as the best guide for understanding distractions and Dopamine's functionality. They say the book is practical and makes them feel their inner self.,"Reclaim your focus in 48 hours or less. Do you keep procrastinating? Do you feel restless and unable to focus on your work? Do you have trouble getting excited about major goals? If so, you might need a dopamine detox. In today’s world where distractions are everywhere, the ability to focus has become more and more difficult to achieve. We are constantly being stimulated, feeling restless, often without knowing why. When the time comes to work, we suddenly find an excess of other things to do. Instead of working toward our goals, we go for a walk, grab a coffee, or check our emails. Everything seems like a great idea—everything except the very things we should be doing. Do you recognize yourself in the above situation? If so, don’t worry. You’re simply overstimulated. Dopamine Detox will help you lower your level of stimulation and regain focus in 48 hours or less,so that you can tackle your key tasks. More specifically, in Dopamine Detox you’ll discover: what dopamine is and how it works; the main benefits of completing a dopamine detox; 3 simple steps to implement a successful detox in the next 48 hours; practical exercises to eliminate distractions and boost your focus; simple tools and techniques to avoid overstimulation and help you stay focused, and much more. Dopamine Detox is your must-read, must-follow guide to help you remove distractions so you can finally work on your goals with ease. If you like easy-to-understand strategies, practical exercises, and no-nonsense teaching, you will love this book."
Autobiography of A Yogi,Paramahansa Yogananda,169,"11,209 ratings",4.6,"Customers find the book very readable and well explained. They also say it delivers hits of spiritual thinking in every chapter, with scientific data to back it up. Readers describe the book as amazing for beginners, with a well documented yogi life journey. Opinions are mixed on the printing quality, with some finding it good and others saying the paper used is very poor.","Inspiring stalwarts like the Beatles, Steve Jobs and Ravi Shankar, Autobiography of a Yogi is an immensely gratifying spiritual read that has altered and enriched the lives of millions across the world, since it was first published in 1946. An originative text that tells the story of Paramhansa Yogananda, this book has been revered for its memorable, incisive and instructive teachings. This spiritual autobiography will take you on an incredible journey of Indian mysticism and spirituality and deliver humbling, comforting truths about life and existence.A book that deserves a place in every home.."
The Alchemist,Paulo Coelho,275,"150,115 ratings",4.6,"Customers find the book thrilling enough to keep them engaged and easy to read. They also say it teaches them many life lessons in the form of small anecdotes. Readers describe the content as nice for beginners. They mention that the book is tiny and not very lengthy. They appreciate the positive vibes it fills them with. However, some find the plot predictable and overhyped. Opinions are mixed on the printing quality, with some finding it impeccable and others saying it's not good.","Paulo Coelho's enchanting novel has inspired a devoted following around the world. This story, dazzling in its powerful simplicity and inspiring wisdom, is about an Andalusian shepherd boy named Santiago who travels from his homeland in Spain to the Egyptian desert in search of a treasure buried in the Pyramids. Along the way he meets a Gypsy woman, a man who calls himself"
Dopamine Detox : A Short Guide to Remove Distractions and Get Your Brain to Do Hard Things,Thibaut Meurisse,205,"9,745 ratings",4.4,Customers find the book easy to understand and realistic. They also appreciate the short length and small print. Readers describe the content as the best guide for understanding distractions and Dopamine's functionality. They say the book is practical and makes them feel their inner self.,"Reclaim your focus in 48 hours or less. Do you keep procrastinating? Do you feel restless and unable to focus on your work? Do you have trouble getting excited about major goals? If so, you might need a dopamine detox. In today’s world where distractions are everywhere, the ability to focus has become more and more difficult to achieve. We are constantly being stimulated, feeling restless, often without knowing why. When the time comes to work, we suddenly find an excess of other things to do. Instead of working toward our goals, we go for a walk, grab a coffee, or check our emails. Everything seems like a great idea—everything except the very things we should be doing. Do you recognize yourself in the above situation? If so, don’t worry. You’re simply overstimulated. Dopamine Detox will help you lower your level of stimulation and regain focus in 48 hours or less,so that you can tackle your key tasks. More specifically, in Dopamine Detox you’ll discover: what dopamine is and how it works; the main benefits of completing a dopamine detox; 3 simple steps to implement a successful detox in the next 48 hours; practical exercises to eliminate distractions and boost your focus; simple tools and techniques to avoid overstimulation and help you stay focused, and much more. Dopamine Detox is your must-read, must-follow guide to help you remove distractions so you can finally work on your goals with ease. If you like easy-to-understand strategies, practical exercises, and no-nonsense teaching, you will love this book."
"Three Thousand Stitches: Ordinary People, Extraordinary Lives [Paperback] Murty, Sudha",Murty Sudha,180,"11,429 ratings",4.6,"Customers find the writing quality nice, warm, and thought-provoking. They also appreciate the heartwarming real-life incidents and pragmatic situations. Readers describe the writing style as simple in text but learnable. They say the stories are good and can make eyes watery.","So often, it's the simplest acts of courage that touch the lives of others. Sudha Murty-through the exceptional work of the Infosys Foundation as well as through her own youth, family life and travels-encounters many such stories... And she tells them here in her characteristically clear-eyed, warm-hearted way. She talks candidly about the meaningful impact of her work in the devadasi community, her trials and tribulations as the only female student in her engineering college and the unexpected and inspiring consequences of her father's kindness. From the quiet joy of discovering the reach of Indian cinema and the origins of Indian vegetables to the shallowness of judging others based on appearances, these are everyday struggles and victories, large and small. Unmasking both the beauty and ugliness of human nature, each of the real-life stories in this collection is reflective of a life lived with grace."
THE BLUE UMBRELLA,Ruskin Bond,125,"15,909 ratings",4.5,"Customers like the characters, saying they are well-written, and the narrative makes you imagine every character. They also appreciate the value, saying it's worth the price. Readers also mention that the emotional tone is heartwarming, and that the book is short. They are happy with content, age range, and readability. However, some customers have reported missing pages.","The Umbrella was like a flower, a great blue flower that had sprung up on the dry brown hillside.'In exchange for her lucky leopard's claw pendant, Binya acquires a beautiful blue umbrella that makes her the envy of everyone in her village, especially Ram Bharosa, the shop-keeper. Ruskin Bond's short and humorous novella, set in the picturesque hills of Garhwal, perfectly captures life in a village, where both heroism and redemption can be found."
The Monk Who Sold His Ferrari,Robin Sharma,198,"34,075 ratings",4.5,"Customers find the content in the book to be a life changer, good for professionals who work in stressful environments, and kindling your inner fire. They also appreciate the writing style as nice and good techniques on mastering your mind and thought processes. However, some find the entertainment value boring and not worth buying.","A renowned inspirational fiction, The Monk Who Sold His Ferrari is a revealing story that offers the readers a simple yet profound way to live life. The plot of this story revolves around Julian Mantle, a lawyer who has made his fortune and name in the profession. A sudden heart-attack creates havoc in the successful lawyer?s life. Jolted by the sudden onset of the illness, his practice comes to a standstill. He ponders over material success being worth it all, renounces all of it and leaves for India. A visit to India about a spiritual awakening that opens up new vistas and Julian begins to view life in a different perspective. He decides to live his life once again but in a way that is much more fulfilling and meaningful than before. In the book, the reader goes through a spiritual journey and into a very old culture that has gathered much wisdom over the millennia. The book advocates about how to live happily, think deep and rightly, value time and relationships, be more disciplined, follow the heart?s call and live every moment of the life. Written in simple words, the book has turned out to be a bestseller and is more than just an endearing story. Through storytelling, Robin Sharma showcases the miracles and wonders of living a fulfilling life. In the process, the book introduces readers to enlightening yet simple principles that vouch to make life better, happier and more meaningful. A bestselling novel, what readers all over the globe appreciate about this book is its deft amalgam of the philosophies from both western and eastern worlds. The book has been followed by important personalities around the world. About the Author Robin Sharma, the bestselling author of 'The Monk Who Sold His Ferrari', first published in 1999, is an International Leadership Professional Guru who is credited with having written 15 books on leadership. He has been guiding people to live a better life, by drawing inspiration from his own life experiences. The Leader Who Had No Title, The Leader Who Had No Title, The Greatness Guide and The Saint and The Saint are among his best books. He heads the Sharma Leadership International Inc, a firm that trains people in leadership. A former litigation lawyer, Robin holds a law degree from Dalhousie Law School, Canada. This book along with The Greatness Guide has been among the world?s bestsellers and has been translated in as many as 70 languages all over the world."
"Grandma's Bag of Stories: Collection of 20+ Illustrated short stories, traditional Indian folk tales for all ages for children of all ages by Sudha Murty [Paperback] Sudha Murty",Murty Sudha,199,"20,993 ratings",4.6,"Customers find the book has great moral values that make them happy and joyful. They also say the vocabulary is easy to read and the book is a great way to teach kids real life lessons. Readers also say that the stories are good and funny. However, some find the stories too lengthy.","Memories of a grandparent spinning tales around animals and mysterious characters have kept many of us rapt till date. Sudha Murty's Grandmas Bag of Stories is simply delightful. The story starts with Anand, Krishna, Raghu and Meena arriving at their grandparents house in Shiggaon. Overjoyed Ajji and Ajja(Grandmother and grandfather in Kannada) get the house ready, while Ajji prepares delicious snacks for children. Finally, times comes when everyone gathers around Ajji, as she opens her big bag of stories. She tells stories of kings and cheats, princesses and onions, monkeys and mice and scorpions and hidden treasures."
"Read People Like a Book: How to Analyze, Understand, and Predict People’s Emotions, Thoughts, Intentions, and Behaviors",Patrick King,289,"4,990 ratings",4.3,No reviews,"Speed read people, decipher body language, detect lies, and understand human nature. ""Read People Like a Book"" isn’t a normal book on body language or facial expressions. Yes, it includes all of those things, as well as new techniques on how to truly detect lies in your everyday life, but this book is more about understanding human psychology and nature. It reminds us that we are who we are because of our experiences and pasts, and this guides our habits and behaviors more than anything else. It helps us to: Take a look inside yourself and others; understand the subtle signals that you are sending out and increase your emotional intelligence; learn the keys to influencing and persuading others; learn how to become a “mind reader” and forge deep connections."
How to Win Friends and Influence People : Original Edition | Premium Paperback,Dale Carnegie,135,"84,379 ratings",4.5,"Customers find the principles simple but very effective. They also say the book provides practical advice on how to influence people and provides beautiful real-life examples. Readers describe the book as helpful for enhancing communication and avoiding arguments. They say the writing and font size is good. However, some customers find many pages missing in the book. Opinions are mixed on the story/plot, with some finding it soothing to read and others finding it boring. Customers disagree on the originality, with others saying it's accurate and original. They disagree on timelessness, with one saying it’s timeless while others say it’ll be outdated.","""Do you feel stuck in life, not knowing how to make it more successful? Do you wish to become more popular? Are you craving to earn more? Do you wish to expand your horizon, earn new clients and win people over with your ideas? How to Win Friends and Influence People is a well-researched and comprehensive guide that will help you through these everyday problems and make success look easier. You can learn to expand your social circle, polish your skill set, find ways to put forward your thoughts more clearly, and build mental strength to counter all hurdles that you may come across on the path to success. Having helped millions of readers from the world over achieve their goals, the clearly listed techniques and principles will be the answers to all your questions. """
"Why I am an Atheist and Other Works | Letters & Jail Diary of Bhagat Singh on Revolution, Religion & Politics",Bhagat Singh,138,"6,936 ratings",4.6,"Customers say the book contains great thoughts and precious letters of Singh to his parents and friends. Opinions are mixed on the printing quality and writing quality, with some finding it good and easy to understand, while others find it poor and challenging to comprehend.","Bhagat Singh is a name that became synonymous with revolution in India’s struggle for independence. This young boy brought about a change in the way people thought about freedom. He was well read and fought extensively for rights – his own, his comrades’ and his countrymen’s. A discussion with a friend soon turned into a matter of self-assessment for Bhagat Singh, leading to a discourse on why he chose to be an atheist. Even in the face of death at a very young age, his uncanny observation leads to his putting forth some pertinent questions. On another occasion, he was disappointed with his father’s plea in Court for his innocence and chose to write a letter to him. This book is a collection of eighteen of his valued writings from within the walls of prison and outside it, which show us the resolve in his words, and the bravery in his acts subsequently."
"How to Stop Worrying and Start Living [Original Edition (Complete), Premium Paperback]",Dale Carnegie,118,"1,515 ratings",4.5,"Customers find the book very readable and in good condition. They also appreciate the helpful tips and insightful advice. Opinions are mixed on the text clarity, with some finding it simple and easy to follow and implement, while others find missing text in between paragraphs and faint printing on some pages.","In How to Stop Worrying and Start Living, bestselling author Dale Carnegie helps you break the destructive habit of worrying and teaches you how to live a happier, stress-free life. This book will tell you how to: ? Analyze and solve worrisome situations ? Develop a positive mental attitude ? Overcome depression ? Banish boredom ? Battle fatigue and feel more energized With practical advice, helpful suggestions and important facts about worry and its causes, this book provides sure-shot ways to banish all your blues."
Chanakya Neeti,Radhakrishnan Pillai,248,"2,019 ratings",4.5,"Customers find the book's content amazing, with nice representation of Chanakya's thought with examples. They also describe the lessons as great, knowledgeable, and applicable. Opinions are mixed on the writing quality, with some finding it simple and enjoyable, while others say it has translation mistakes and lacks thorough understanding of the topic.","Strategies for Success“An action contemplated shouldn’t ever be advertised; But kept a secret like a mantra, and revealed in time.”We all feel stuck at times. There could be many reasons for this—issues at work, unhappy family life, financial troubles or embarrassing social situations. Most of us could use a little advice in these circumstances. Chanakya Neeti provides precisely that guidance to face life’s many daunting challenges. Chanakya, the great thinker and teacher, is well-known for his insights into the needs of both the privileged and the masses. The original Chanakya Neeti was written over two thousand years ago, but its brilliant verses are still applicable today because the basic quests of man remain the same—peace, prosperity and happiness. In this volume, Radhakrishnan Pillai offers a modern interpretation of Chanakya’s crisp and practical maxims in his characteristic easy-to-follow and elegant prose. Imbibe Chanakya’s wisdom to break loose from the web of troubles and create the life you desire on your terms.Radhakrishnan Pillai is the bestselling author of Corporate Chanakya, Chanakya’s 7 Secrets of Leadership, Chanakya in You, Katha Chanakya and Thus Spoke Chanakya. He has a Master’s degree in Sanskrit and has done his PhD in Kautilya’s Arthashastra. A renowned management consultant and speaker, he is the Deputy Director of the Chanakya International Institute of Leadership Studies (CIILS) at the University of Mumbai. He tweets using the handle @rchanakyapillai and is also active on other major social media platforms."
Who Will Cry When You Die?,Robin Sharma,175,"20,606 ratings",4.4,"Customers find the book written in simple words and easy to handle. They say the plot is highly captivating, inspiring, and no non-sense. They also say the small chapters keep the story interesting and never bore them. Customers say the book provides a deeper understanding of life and has beautiful quotes from renowned authors.","Life Lessons From The Monk Who Sold His Ferrari Do You Feel that life is slipping by so fast that you might never get the chance to live with the meaning, happiness and joy you know you deserve? If so, then this book will be the guiding light that leads you to a brilliant new way of living. In this easy-to-read yet wisdom-rich manual, the author offers 101 simple solutions to life’s most complex problems, ranging from a little-known method for beating stress and worry to a powerful way to enjoy the journey while you create a legacy that lasts. “When You Were Born, You Cried While The World Rejoiced. Live Your Life In Such A Way That When You Die, The World Cries While You Rejoice.” Ancient Sanskrit Saying"
I Don't Love You Anymore: Moving On and Living Your Best Life | National Bestseller by Rithvik Singh | Original Edition,Rithvik Singh,246,346 ratings,4.1,"Customers find the book full of emotions and relatable. They also say it helps them move on and teach self love. However, some customers feel the plot lacks a storyline.","Dear reader,"
The Monk Who Sold His Ferrari,Robin Sharma,198,"34,075 ratings",4.5,"Customers find the content in the book to be a life changer, good for professionals who work in stressful environments, and kindling your inner fire. They also appreciate the writing style as nice and good techniques on mastering your mind and thought processes. However, some find the entertainment value boring and not worth buying.","A renowned inspirational fiction, The Monk Who Sold His Ferrari is a revealing story that offers the readers a simple yet profound way to live life. The plot of this story revolves around Julian Mantle, a lawyer who has made his fortune and name in the profession. A sudden heart-attack creates havoc in the successful lawyer?s life. Jolted by the sudden onset of the illness, his practice comes to a standstill. He ponders over material success being worth it all, renounces all of it and leaves for India. A visit to India about a spiritual awakening that opens up new vistas and Julian begins to view life in a different perspective. He decides to live his life once again but in a way that is much more fulfilling and meaningful than before. In the book, the reader goes through a spiritual journey and into a very old culture that has gathered much wisdom over the millennia. The book advocates about how to live happily, think deep and rightly, value time and relationships, be more disciplined, follow the heart?s call and live every moment of the life. Written in simple words, the book has turned out to be a bestseller and is more than just an endearing story. Through storytelling, Robin Sharma showcases the miracles and wonders of living a fulfilling life. In the process, the book introduces readers to enlightening yet simple principles that vouch to make life better, happier and more meaningful. A bestselling novel, what readers all over the globe appreciate about this book is its deft amalgam of the philosophies from both western and eastern worlds. The book has been followed by important personalities around the world. About the Author Robin Sharma, the bestselling author of 'The Monk Who Sold His Ferrari', first published in 1999, is an International Leadership Professional Guru who is credited with having written 15 books on leadership. He has been guiding people to live a better life, by drawing inspiration from his own life experiences. The Leader Who Had No Title, The Leader Who Had No Title, The Greatness Guide and The Saint and The Saint are among his best books. He heads the Sharma Leadership International Inc, a firm that trains people in leadership. A former litigation lawyer, Robin holds a law degree from Dalhousie Law School, Canada. This book along with The Greatness Guide has been among the world?s bestsellers and has been translated in as many as 70 languages all over the world."
The Law of Success In Sixteen Lessons,Napoleon Hill,299,"1,932 ratings",4.5,"Customers say the writing quality is good overall. They disagree on the content, with some finding it informative and interesting, while others say it's boring and unnecessary.","“Fears are nothing more than a state of mind.”From helping you rid yourself of aimlessness and find a definite purpose to teaching you the art of negotiating harmoniously with others, this course on the fundamentals of success will guide you, lesson by lesson, through the sixteen laws of success, which include mastering fears and increasing self-confidence, inculcating the habit of saving your income, stimulating your imagination, practicing self-control, accurate thinking and profiting by failure. With valuable insights on how the famous American millionaires became successful, Napoleon Hill’s The Law of Success in Sixteen Lessons is a classic bestseller. It continues to inspire and guide readers to achieve their dreams and become successful."
The Wealth Money Can't Buy: The 8 Hidden Habits to Live Your Richest Life,Robin Sharma,299,797 ratings,4.6,"Customers find the book interesting and enlightening, with clear and engaging content. They describe the reading experience as fantastic, accessible to all readers, and increase positivity, productivity, and prosperity. Readers also appreciate the engaging storytelling and short chapters. They also mention the relationships are interconnected and well narrated.",""""
Your Brain on Art: How the Arts Transform Us,Susan Magsamen,418,505 ratings,4.5,No reviews,THE
"My First Mythology Tale (Illustrated) (Set of 5 Books) - Mahabharata, Krishna, Hanuman, Ganesha, Ramayana - Story Book for Kids - English Short Stories with Colourful Pictures - Read Aloud to Infants, Toddlers",Maple Press,184,"9,047 ratings",4.4,"Customers find the illustrations beautiful and colorful. They also say the content is nice and convenient for toddlers to sit and listen. Readers appreciate the great print pics and fonts. They say the writing style is fantastic and easy to read through to kids. However, some customers feel the stories are too brief to enjoy the story and need more pages added.","This amazing collection of 5 books helps parents to easily introduce their curious kids to the world of Hindu Gods. It comprises some interesting and enchanting stories about Mahabharata, God Krishna, God Hanuman, God Ganesha and Ramayana along with beautiful and colorful illustrations for the kids to effectively relate to the stories and enhance their knowledge."
Night Train at Deoli and Other Stories,Ruskin Bond,204,"1,369 ratings",4.5,"Customers find the book nice, light, and heartwarming. They also appreciate the beautifully described scenic beauty and the emotional tone that evokes a certain string of emotions and makes them feel relaxed. Readers also describe the story structure as good and a good collection of stories.","Adorned with 30 beautiful stories from Ruskin Bond, the book Night Train at Deoli and other stories effortlessly makes in to the must-have, must-read list of every reader. Simple, heart-warming and thought-provoking stories will take you to heavenly grounds of Dehradun and Mussoorie, where the author himself has spent his childhood and teenage years. The stories in the book speak of simple folk, who live in the technology untouched valleys and hills, the lush greenery and little crowded markets."
The End of Reality,Jonathan Taplin,472,50 ratings,4.2,No reviews,"'A wake-up call ... fascinating' Scott Galloway, author of"
"Stop Negative Thinking: How To Control Your Thoughts, Stop Overthinking, And Transform Your Mental Habits (English)",Nick Trenton,214,29 ratings,4.4,No reviews,"Learn how embracing self-acceptance and compassion can transform your life. 'Stop Negative Thinking' understands your challenges intimately, addressing insomnia, heightened reactions, sensitivity and more. The author, having experienced similar struggles, offers effective guidance. The book delves into the psychology behind negative thinking, revealing how damaging self-perceptions lead to cognitive distortions. It then guides you through preempting, managing, and ultimately conquering these thoughts."
101 Essays That Will Change The Way You Think,Brianna Wiest,383,"15,858 ratings",4.3,No reviews,"101 Essays That Will Change The Way You Think, the global bestseller and social media phenomenon, is a collection of author Brianna Wiest's most beloved pieces of writing. Her meditations include why you should pursue purpose over passion, embrace negative thinking, see the wisdom in daily routine, and become aware of the cognitive biases that are creating the way you see your life. Some of these pieces have never been seen; others have been read by millions of people around the world. Regardless, each will leave you thinking: this idea changed my life."
One Arranged Murder,Chetan Bhagat,200,"22,593 ratings",4.3,"Customers find the humor in the book plenty. They also find the characters relatable and the plot interesting enough to keep them glued to the book. Readers describe the book as very easy to read with Indian colloquial words. They find the pacing fast and entertaining, making it a good weekend time pass.","Keshav has set up an investigation agency with his best friend, Saurabh. Can the two amateur detectives successfully solve another murder case that affects them personally? And where will it leave their friendship?"
"Story Books for Kids (Set of 10 Books) (Illustrated) - World and Indian Scientists - Biographies for Children - 6 Years to 10 Years Old - Einstein, Newton, Galileo Galilei, Marie Curie, Charles Darwin, CV Raman, Homi Bhabha, Ramanujan, Vikram Sarabhai, Abdul Kalam",Maple Press,231,211 ratings,4.6,"Customers find the books awesome, with interesting content for kids. They also describe them as nice story books.","Embark on a journey through the world of science with this set of biographies of ten scientists from India and around the world. This amazing collection introduces young readers to the brilliant minds behind groundbreaking discoveries and innovations, showcasing the incredible journeys of these scientists. This set is a must-have addition to any young reader's library, fostering a love for learning and an early appreciation for the wonders of science. It is perfect for curious minds eager to explore the fascinating world of science!"
Miracles of Your Mind,Dr. Joseph Murphy,130,"3,328 ratings",4.4,"Customers find the content in the book interesting, as it explains the miracles of the mind. They also say the do's and don'ts are dependent on the reader, making the book more interesting.","In this work Dr. Joseph Murphy expands on his theory that the latent powers inherent in our subconscious can improve our lives. He discusses the two minds that each of us possess; the objective mind and the subjective mind, and how to integrate them. He also explains how to harness of the power of mind, especially the subconscious min. Dr. Murphy provides specific steps to nourish your conscious mind with the tools and attitudes that will open up the infinite power of your subconscious mind. Whether you wish to conquer a bad habit, be more successful, obtain harmony in your family, or achieve goals that have thus far been unattainable, you will be given guidelines to put you on the right path. Joseph Murphy (1898-1981), the founder of The Church of Divine Science, produced books, tapes, and radio broadcasts on spiritual matters, the historical values of life, the art of wholesome living, and the teachings of great philosophers-both from the Eastern and Western cultures. Dr. Murphy wrote more than 30 books."
Operation Payback,Aditi Mathur Kumar,215,69 ratings,4.5,"Customers find the details in the book right and the author has paid attention to the story. They also describe the emotional storyline as heartwarming, with clever twists and a strong heroine. Customers also describe it as an amazing book.","A born planner, Meera has a clear vision of the future she will have with her beloved husband, Capt. Ranvijay. A job in Pune for herself and a peace station posting for her brave Para SF Commando husband.

But fate has other plans.

Capt. Ranvijay is killed in action in the Valley, leaving a devastated Meera all by herself, without the man who instilled in her unquestionable faith in herself, unabashed freedom to be what she wanted to be and pure, unadulterated love. A Veer Nari now, Meera decides to join the Indian Army to honour Capt. Ranvijay's legacy, but she ends up setting in motion a tech-led, strategic and audacious plan of action to deliver a much-deserved payback not just for herself but for the entire nation."
The Quick And Easy Way To Effective Speaking,Dale Carnegie,119,"2,050 ratings",4.3,No reviews,"If you often struggle to communicate effectively and end up losing your confidence, this is the book for you!“Believe that you will succeed. Believe it firmly and you will then do what is necessary to bring success about.”From acquiring the basic skills for effective speaking to the art of communicating and delivering a talk, this book will guide you through developing confidence, earning the right to talk, choosing your subject and arranging your ideas and conversing with your audience. It also discusses how to convince people with your talk and impromptu speaking. A timeless classic, Dale Carnegie’s The Quick and Easy Way to Effective Speaking has helped millions to speak effectively and confidently. It continues to be an inspiration for all those who are looking forward to improve their communication skills and express themselves with ease and confidence."
"Why I am an Atheist and Other Works | Letters & Jail Diary of Bhagat Singh on Revolution, Religion & Politics",Bhagat Singh,138,"6,936 ratings",4.6,"Customers say the book contains great thoughts and precious letters of Singh to his parents and friends. Opinions are mixed on the printing quality and writing quality, with some finding it good and easy to understand, while others find it poor and challenging to comprehend.","Bhagat Singh is a name that became synonymous with revolution in India’s struggle for independence. This young boy brought about a change in the way people thought about freedom. He was well read and fought extensively for rights – his own, his comrades’ and his countrymen’s. A discussion with a friend soon turned into a matter of self-assessment for Bhagat Singh, leading to a discourse on why he chose to be an atheist. Even in the face of death at a very young age, his uncanny observation leads to his putting forth some pertinent questions. On another occasion, he was disappointed with his father’s plea in Court for his innocence and chose to write a letter to him. This book is a collection of eighteen of his valued writings from within the walls of prison and outside it, which show us the resolve in his words, and the bravery in his acts subsequently."
The Quick And Easy Way To Effective Speaking,Dale Carnegie,119,"2,050 ratings",4.3,No reviews,"If you often struggle to communicate effectively and end up losing your confidence, this is the book for you!“Believe that you will succeed. Believe it firmly and you will then do what is necessary to bring success about.”From acquiring the basic skills for effective speaking to the art of communicating and delivering a talk, this book will guide you through developing confidence, earning the right to talk, choosing your subject and arranging your ideas and conversing with your audience. It also discusses how to convince people with your talk and impromptu speaking. A timeless classic, Dale Carnegie’s The Quick and Easy Way to Effective Speaking has helped millions to speak effectively and confidently. It continues to be an inspiration for all those who are looking forward to improve their communication skills and express themselves with ease and confidence."
Chanakya Neeti,Radhakrishnan Pillai,248,"2,019 ratings",4.5,"Customers find the book's content amazing, with nice representation of Chanakya's thought with examples. They also describe the lessons as great, knowledgeable, and applicable. Opinions are mixed on the writing quality, with some finding it simple and enjoyable, while others say it has translation mistakes and lacks thorough understanding of the topic.","Strategies for Success“An action contemplated shouldn’t ever be advertised; But kept a secret like a mantra, and revealed in time.”We all feel stuck at times. There could be many reasons for this—issues at work, unhappy family life, financial troubles or embarrassing social situations. Most of us could use a little advice in these circumstances. Chanakya Neeti provides precisely that guidance to face life’s many daunting challenges. Chanakya, the great thinker and teacher, is well-known for his insights into the needs of both the privileged and the masses. The original Chanakya Neeti was written over two thousand years ago, but its brilliant verses are still applicable today because the basic quests of man remain the same—peace, prosperity and happiness. In this volume, Radhakrishnan Pillai offers a modern interpretation of Chanakya’s crisp and practical maxims in his characteristic easy-to-follow and elegant prose. Imbibe Chanakya’s wisdom to break loose from the web of troubles and create the life you desire on your terms.Radhakrishnan Pillai is the bestselling author of Corporate Chanakya, Chanakya’s 7 Secrets of Leadership, Chanakya in You, Katha Chanakya and Thus Spoke Chanakya. He has a Master’s degree in Sanskrit and has done his PhD in Kautilya’s Arthashastra. A renowned management consultant and speaker, he is the Deputy Director of the Chanakya International Institute of Leadership Studies (CIILS) at the University of Mumbai. He tweets using the handle @rchanakyapillai and is also active on other major social media platforms."
The Monk Who Sold His Ferrari,Robin Sharma,198,"34,075 ratings",4.5,"Customers find the content in the book to be a life changer, good for professionals who work in stressful environments, and kindling your inner fire. They also appreciate the writing style as nice and good techniques on mastering your mind and thought processes. However, some find the entertainment value boring and not worth buying.","A renowned inspirational fiction, The Monk Who Sold His Ferrari is a revealing story that offers the readers a simple yet profound way to live life. The plot of this story revolves around Julian Mantle, a lawyer who has made his fortune and name in the profession. A sudden heart-attack creates havoc in the successful lawyer?s life. Jolted by the sudden onset of the illness, his practice comes to a standstill. He ponders over material success being worth it all, renounces all of it and leaves for India. A visit to India about a spiritual awakening that opens up new vistas and Julian begins to view life in a different perspective. He decides to live his life once again but in a way that is much more fulfilling and meaningful than before. In the book, the reader goes through a spiritual journey and into a very old culture that has gathered much wisdom over the millennia. The book advocates about how to live happily, think deep and rightly, value time and relationships, be more disciplined, follow the heart?s call and live every moment of the life. Written in simple words, the book has turned out to be a bestseller and is more than just an endearing story. Through storytelling, Robin Sharma showcases the miracles and wonders of living a fulfilling life. In the process, the book introduces readers to enlightening yet simple principles that vouch to make life better, happier and more meaningful. A bestselling novel, what readers all over the globe appreciate about this book is its deft amalgam of the philosophies from both western and eastern worlds. The book has been followed by important personalities around the world. About the Author Robin Sharma, the bestselling author of 'The Monk Who Sold His Ferrari', first published in 1999, is an International Leadership Professional Guru who is credited with having written 15 books on leadership. He has been guiding people to live a better life, by drawing inspiration from his own life experiences. The Leader Who Had No Title, The Leader Who Had No Title, The Greatness Guide and The Saint and The Saint are among his best books. He heads the Sharma Leadership International Inc, a firm that trains people in leadership. A former litigation lawyer, Robin holds a law degree from Dalhousie Law School, Canada. This book along with The Greatness Guide has been among the world?s bestsellers and has been translated in as many as 70 languages all over the world."
The Wealth Money Can't Buy: The 8 Hidden Habits to Live Your Richest Life,Robin Sharma,299,798 ratings,4.6,"Customers find the book interesting and enlightening, with clear and engaging content. They describe the reading experience as fantastic, accessible to all readers, and increase positivity, productivity, and prosperity. Readers also appreciate the engaging storytelling and short chapters. They also mention the relationships are interconnected and well narrated.",""""
The Importance of Being Earnest,Oscar Wilde,109,"4,910 ratings",4.5,"Customers find the humor witty, funny, and smartly written. They also say the storyline is good and exciting. Readers describe the book as a good, quick read that's exciting and well-annotated. They appreciate the helpful introduction and well annotated plays.","Indulge in the delightful wit and satire of The Importance of Being Earnest by Oscar Wilde. This comedic masterpiece is a whimsical exploration of societal conventions, mistaken identities, and the absurdities of Victorian society, guaranteed to leave you laughing out loud."
Great Truths That Set Us Free,Dr. Joseph Murphy,119,233 ratings,4.3,No reviews,"You are creating your life, This very moment, by your thoughts. Your imagination is like a Canvas. Paint a picture, have faith in the reality of its existence, and your picture will come to life. You are capable of healing yourself and others. You possess infinite intelligence. All these seemingly-impossible statements are hard facts. And these facts, these empowering truths have been hiding in plain sight. Dr. Joseph Murphy, in great truths that set us free, claims that such truths have been alluded to in one of the most widely-read religious texts: The Bible. Addressing topics such as when will the answer to a prayer come to pass, how to make right decisions, and the power of blind belief, practices enumerated in this ground-breaking book, and their practical application, will transform your life."
The Pickpocket and the Gargoyle,Lindsay Eagar,281,5 ratings,3.7,No reviews,A beautifully crafted epic adventure spiced with magic from the acclaimed author of
MTG International General Knowledge Olympiad (IGKO) Workbook for Class 4 - MCQs & Achievers Section - SOF IGKO Olympiad Preparation Books For 2024-2025 Exam,RAGHAV SINGH,100,30 ratings,4,No reviews,MTG IGKO Workbook is the perfect companion for students preparing for the SOF International General Knowledge Olympiad (IGKO) 2024-25 for exam excellence.
1001 Ultimate Brain Booster Activities for 4+ Years Old Kids |Enhance the Child Mind with Cognitive Excellence with Interactive Activity Book,Team Pegasus,299,"1,393 ratings",4.6,"Customers find the book good for kids, with many different activities to solve. They also say it's a brain-boosting book with vibrant illustrations that capture their attention. Readers also appreciate the sturdy construction and learning activities.","There are oodles of diverse activities-Fractions Addition and Colouring, Rebuses, Nonograms, Logical Reasoning, Unscramble, Number Riddles, What is Missing? to name a few-to accelerate emergence of a genius in your little one. While their reading, writing, drawing and calculating skills will undergo a constant boost, this hands-on book will suit the changing interests of the growing mind. The pages are elaborate yet easy-peasy to work through. Literally a child's play!"
My First 365 Coloring Book: Jumbo Coloring Book For Kids (With Tear Out Sheets),Wonder House Books,199,"1,357 ratings",4.5,"Customers find the picture quality good for kids, with pictures ranging from easy to difficult. They also appreciate the craftsmanship, saying the book is of excellent quality. Readers also mention it's a good coloring book for children's interest development.","This gorgeous coloring book contains 365 adorable designs to give wings to your little artist's imagination. Appealing artwork with thick lines, and child-friendly and eye-catching designs make this book perfect for your child's entertainment. The 365 pages of fun are sure to engage children for several hours. Coloring within these large and bold designs will improve their motor and observation skills, and Spark their creativity."
The Performance Paradox: How to Learn and Grow Without Compromising Results,Eduardo Briceno,195,30 ratings,4.3,No reviews,We all know we should be learning and growing. But how do you make time while under pressure to perform?
101 Essays That Will Change The Way You Think,Brianna Wiest,383,"15,858 ratings",4.3,No reviews,"101 Essays That Will Change The Way You Think, the global bestseller and social media phenomenon, is a collection of author Brianna Wiest's most beloved pieces of writing. Her meditations include why you should pursue purpose over passion, embrace negative thinking, see the wisdom in daily routine, and become aware of the cognitive biases that are creating the way you see your life. Some of these pieces have never been seen; others have been read by millions of people around the world. Regardless, each will leave you thinking: this idea changed my life."
The Compound Effect,Darren Hardy,256,"18,454 ratings",4.6,"Customers find the writing style easy to understand and powerful. They also say the book is practical, real, and thought-provoking. However, some customers feel the content is a waste of time.","In The Compound Effect, Darren Hardy, reveals the core principles that drive success. and presents a distillation of the fundamental principles that have guided the most phenomenal successes in business, relationships, and beyond. This is an easy-to-use, step-by-step, no gimmicks, no hyperbole, no magic bullet operating system that allows you to multiply your success, chart your progress, and achieve anything you desire. It is based on the principle that decisions shape your destiny and how little, everyday decisions will, by default, either take you to the life you desire or to disaster. If you're serious about living an extraordinary life, use the power of The Compound Effect to create the success you want. This book will teach you: . How to win?every time. Eradicating your bad habits, some of which even you might be unaware of. how to get yourself to do things you don?t feel like doing. Capturing the elusive, awesome force of momentum. The acceleration secrets of super achievers etc., among other things."
How to Change Your Life,Jake Humphrey,139,50 ratings,4.4,No reviews,"'Transformative' Eddie Howe, manager of Newcastle FC
'Extraordinary' Kevin Sinfield, author of"
Wings Of Fire An Autobiography,Arun Tiwari,347,"17,415 ratings",4.6,"Customers find the picture quality very good. They also appreciate the beautiful narration, simple genius, and personal moments. Readers describe the book as motivating and insightful. They feel a connection with the book and the visionary and wonderful human. However, some customers report issues with the originality, saying the book looks like a pirated copy and has crumpled pages.","Every common man who by his sheer grit and hard work achieves success should share his story with the rest for they may find inspiration and strength to go on, in his story. The 'Wings of Fire' is one such autobiography by visionary scientist Dr. APJ Abdul Kalam, who from very humble beginnings rose to be the President of India. The book is full of insights, personal moments and life experiences of Dr. Kalam. It gives us an understanding on his journey of success. Dr. Kalam by narrating his life journey evokes the reader to identify with one’s inner fire and potential, for he was of the firm belief that each one of us was born with the strength and potential to make a tangible change in the world. How he inspired himself to achieve dreams and how he went about accomplishing so much is what the book captures nicely. The book recollects many anecdotes and stories from childhood, his time at school and college. The time spent at the Langley Research Center, NASA and Wallops Flight Facility gets a lot of attention. Personal tragedies have not been left out. The time when he lost his father and how he felt when conferred with many awards like the Padma Bhushan have been written in much detail. The second half of the book deals with Dr Kalam, the scientist who made a significant contribution in developing the countries guided missile program, a pioneering effort for the security of the nation. It's not with reason that he was nicknamed as the 'Missile Man of India'. The book also contains 24 photographs at various stages of his life. Authored by Dr APJ Abdul Kalam and Mr. Arun Tiwari, the 180 page book 'The Wings of Fire' was first published in the year 2000. Mr Tiwari is a well-known missile scientist who has worked with Dr. Kalam. Having become a bestseller, the book has even been translated into thirteen languages, which includes Chinese and French. About the Author Dr APJ Abdul Kalam from 2002 to 2007 served as the 11th President of India. Greatly admired all over India, he was a scientist by profession, who played a leading role in developing the country's missile program. From humble roots in Rameswaram, Tamil Nadu, Dr Kalam in an inspirational autobiography 'The Wings of Fire' traces the rise and the mark he made in life. Mr. Arun Tiwari, a scientist, was a colleague of Dr Kalam."
BlackBook of English Vocabulary May 2024 by Nikhil Gupta,Nikhil Gupta,264,449 ratings,4.4,"Customers find the book very useful, organized, and easy to understand. They also appreciate the impressive cover.","The Blackbook of English Vocabulary is the ultimate guide for students preparing for SSC and other competitive exams. Updated with vocabulary up until April 2024, this essential resource targets SSC, DSSSB, Banking, Defence, etc."
"LEADING THROUGH INFLATION, RECESSION AND STAGFLATION",Ram Charan,92,63 ratings,4.4,No reviews,"In the post-pandemic scenario, when Russia has invaded Ukraine, price is gouging, there is shortage in supplies…inflation is quite evident. It is the root cause of boom-and-bust cycle that wreaks havoc on economy. This book by Ram Charan and Geri Willigan lays out the hazards of this economic evil and provides hands-on advice to deal with it. It includes examples of how other leaders are stemming the damage and resetting their business for a brighter future. The ideas have been tested in practice and are useful to people in various organizations across the world."
"Read People Like a Book: How to Analyze, Understand, and Predict People’s Emotions, Thoughts, Intentions, and Behaviors",Patrick King,289,"4,990 ratings",4.3,No reviews,"Speed read people, decipher body language, detect lies, and understand human nature. ""Read People Like a Book"" isn’t a normal book on body language or facial expressions. Yes, it includes all of those things, as well as new techniques on how to truly detect lies in your everyday life, but this book is more about understanding human psychology and nature. It reminds us that we are who we are because of our experiences and pasts, and this guides our habits and behaviors more than anything else. It helps us to: Take a look inside yourself and others; understand the subtle signals that you are sending out and increase your emotional intelligence; learn the keys to influencing and persuading others; learn how to become a “mind reader” and forge deep connections."
The Science of Getting Rich with The Science of Being Great,Wallace D. Wattles,129,956 ratings,4.5,No reviews,"?You can become what you want to be.? a combined, modernized, and updated edition of Wallace D Wattles? two bestselling works, the science of getting rich and the science of being great, this book is considered a philosophy of mind Science. With time-tested new thought principles and practices, including the technique of creative visualization, which Wattles himself practiced, it explains how riches come to us and how by simply using our will, acting in a certain way, and thinking The right thoughts, we can become rich and great. A compelling self-help classic, this book will help you understand the secrets to attaining what you truly desire."
"Why I am an Atheist and Other Works | Letters & Jail Diary of Bhagat Singh on Revolution, Religion & Politics",Bhagat Singh,138,"6,936 ratings",4.6,"Customers say the book contains great thoughts and precious letters of Singh to his parents and friends. Opinions are mixed on the printing quality and writing quality, with some finding it good and easy to understand, while others find it poor and challenging to comprehend.","Bhagat Singh is a name that became synonymous with revolution in India’s struggle for independence. This young boy brought about a change in the way people thought about freedom. He was well read and fought extensively for rights – his own, his comrades’ and his countrymen’s. A discussion with a friend soon turned into a matter of self-assessment for Bhagat Singh, leading to a discourse on why he chose to be an atheist. Even in the face of death at a very young age, his uncanny observation leads to his putting forth some pertinent questions. On another occasion, he was disappointed with his father’s plea in Court for his innocence and chose to write a letter to him. This book is a collection of eighteen of his valued writings from within the walls of prison and outside it, which show us the resolve in his words, and the bravery in his acts subsequently."
